{
  "schemaVersion": 1,
  "id": "syn_life_saver",
  "version": "${version}",

  "name": "Syn lifesaver",
  "description": "It saves you from falling into the void!",
  "authors": [
    "Melonboy56"
  ],
  "contact": {
    "homepage": "https://fabricmc.net/",
    "sources": "https://github.com/FabricMC/fabric-example-mod"
  },

  "license": "CC0-1.0",
  "icon": "assets/syn_life_Saver/icon.png",

  "environment": "*",
  "entrypoints": {
    "main": [
      "melon.syn.lifesaver.Main"
    ]
  },

  "depends": {
    "fabricloader": ">=0.7.4",
    "fabric": "*",
    "minecraft": "1.16.x",
    "fabric-key-binding-api-v1": "*"
  }
}
